Category,Place,Image Link
adventure,andaman,https://drive.google.com/file/d/1MoOk9bLDb3GnsoIJZ3TLTHdF8yCSp5dC/view?usp=drivesdk
adventure,andaman,https://drive.google.com/file/d/12MzuFz6HE8bGZ-N0nczv1kVjVOSZDmbA/view?usp=drivesdk
adventure,andaman,https://drive.google.com/file/d/1parTA175UKQjDo3dEgJUIZ3qBNlIVNWi/view?usp=drivesdk
adventure,andaman,https://drive.google.com/file/d/17BL_-CZ_y15YNTPd-5Z049wrA_oO7PhT/view?usp=drivesdk
adventure,andaman,https://drive.google.com/file/d/1q5mV1NoMtFt_H84f9SRbQrmSWR1nr_iC/view?usp=drivesdk
adventure,andaman,https://drive.google.com/file/d/1V1Od1oW2DIduzSj5K7gO2Jebho1qyFXQ/view?usp=drivesdk
adventure,andaman,https://drive.google.com/file/d/1TJREbIU6tFZvBY5MwzWqu-c1v7xmryP9/view?usp=drivesdk
adventure,andaman,https://drive.google.com/file/d/1fCjlO5A_spH1QKQggEUi_JxUUjZdOi68/view?usp=drivesdk
adventure,andaman,https://drive.google.com/file/d/1KIYrwmhcFepjZdUxSHJoqR6cbGRNwk19/view?usp=drivesdk
adventure,andaman,https://drive.google.com/file/d/1SLPwL3DcQhxvVwhrz0R23fLYhjCmF7xx/view?usp=drivesdk
adventure,andaman,https://drive.google.com/file/d/10IlHIjBUaDRo0kWw19L04mLqSrKDqC79/view?usp=drivesdk
adventure,andaman,https://drive.google.com/file/d/1V5a6s3JIUO9w2ib0eDmv1darXQEEm6pG/view?usp=drivesdk
adventure,andaman,https://drive.google.com/file/d/133HEozi-KSCrrA9sbi_X9XGPYJQ-R4Og/view?usp=drivesdk
adventure,andaman,https://drive.google.com/file/d/18AmrNzO2Tk3SzCpsjaw7k5XxPpZE3q9z/view?usp=drivesdk
